word,count
dejection,2
sorrows,1
accident,2
beautiful,13
fashion,1
killed,1
side,2
plants,4
One,23
halfsmile,1
serious,4
forgotten,2
precious,1
terrible,3
lights,3
rage,1
snow,2
remarked,1
laughing,3
darkened,1
ideas,1
silk,1
sweet,2
used,2
eye,3
confidences,1
modestly,1
Please,3
At,11
abyss,1
funny,4
timidly,1
altogether,5
astonishment,1
down,26
wise,1
dangerous,1
beg,2
Does,1
succeed,1
baobabs,16
entirely,1
pulling,1
retorted,1
insubordination,1
empties,1
On,12
please,5
courteously,2
Has,3
metallic,1
interesting,4
register,1
trouble,7
ties,2
Clad,1
secret,6
finger,2
read,1
number,4
butterflies,4
Its,1
majestically,1
able,13
yawning,2
eruptions,2
behind,2
failure,1
ways,1
frightful,1
thunderstruck,3
hurry,4
for,116
intelligent,1
resemblance,1
movements,1
shop,1
post,1
hesitancy,1
Fortunately,1
body,3
tippler,9
moral,2
impressive,2
shrugging,1
nursing,1
politics,1
Who,4
tire,1
reassure,2
refuses,1
infested,1
regulated,1
invented,1
find,10
favourable,2
wild,1
monotony,1
produce,1
Dear,1
rock,1
conditions,2
knowing,1
false,1
standing,2
question,14
monarch,3
duty,1
fourth,2
Well,2
creature,3
wanders,1
author,1
feel,3
hastened,1
thunder,2
working,2
demanded,10
people,14
resentfulness,1
disturbing,1
festival,1
painters,1
asleep,3
reach,3
begin,3
children,5
proposed,1
any,43
lead,2
plant,2
Whatever,1
pocket,3
With,1
calculations,1
thirst,4
awkward,1
Once,4
random,1
feverish,1
stage,1
across,3
tragedy,1
B612,3
years,12
window,1
young,2
gold,2
rid,1
Phew,1
Nature,1
For,18
twenty,4
name,1
lazy,3
huge,1
Five,2
Other,1
grace,1
this,75
mere,1
perplexed,1
count,3
death,7
plainly,1
lives,1
underneath,1
wearing,1
instead,3
in,169
move,5
regard,1
danced,1
Sire,2
sand,10
ought,6
geographer,22
reverie,1
dream,2
myself,20
have,140
learned,7
neck,2
your,36
heard,3
lay,3
toil,1
off,6
weigh,1
apparition,2
once,18
suspicious,1
fair,1
point,1
regret,2
temples,1
success,1
bottles,2
Indeed,1
astounded,1
show,3
reputation,2
bit,2
breakdown,1
are,130
is,297
sheep,40
afar,1
firmly,1
How,8
source,1
Are,6
thirsty,4
learn,3
belonged,1
absence,1
magnificent,8
his,115
why,8
wait,4
task,1
yonder,1
knows,9
impress,1
require,2
opera,1
stones,2
demonstration,2
directed,1
agree,1
tie,3
too,43
radiation,1
South,2
among,8
honey,2
course,2
Minister,2
force,1
guessing,1
hunger,1
realised,3
Negro,1
puff,1
carriage,1
plea,1
inconsistent,1
conversation,2
hungry,1
462511,1
reserve,1
precision,1
plane,4
sends,1
somewhat,1
makes,7
step,4
overtake,1
breathed,2
drawn,3
effort,4
purple,1
lamplighter,12
naive,1
burn,1
speedy,2
seen,9
lips,2
stars,41
Again,1
crammed,1
forbearance,1
said,196
sharpened,2
empty,2
location,1
explorer,10
abandoned,1
sits,1
All,6
smallest,1
alight,2
Computations,1
sheltered,1
subject,4
hard,4
jumped,1
try,4
cabbages,1
already,10
tiny,2
break,1
sprout,2
soon,4
collection,2
kindness,3
boa,12
abruptly,2
nobody,10
silent,4
got,4
grass,5
inoffensively,1
shipwrecked,1
ram,1
neckties,1
strap,1
given,6
gathered,1
observe,1
song,2
less,1
am,55
hides,1
They,27
shook,1
size,1
happier,2
hands,4
real,1
fiftythree,3
furnish,1
riddles,2
than,15
laced,1
disturbed,4
islet,1
carried,1
four,7
rusty,1
smiled,2
occupied,1
midair,1
fairly,1
chickens,5
surface,1
worst,1
facing,1
redfaced,2
familiar,1
puts,1
shell,2
seed,3
Look,4
depend,1
sixhundredtwentytwothousand,1
twined,1
mystery,3
examining,1
Draw,3
want,18
history,2
1920,1
three,13
gentleman,4
walked,1
experts,1
etiquette,1
bear,1
irritated,1
late,1
arrested,1
dared,1
gently,3
shine,1
wrong,4
Midnight,1
dare,3
urgent,1
himself,31
field,1
seized,2
sit,4
recount,1
disarranged,1
secrets,1
recognises,1
twelve,1
fresh,6
indulgently,1
model,1
meeting,1
odd,3
exclaimed,3
timid,1
jumping,1
thought,11
wells,3
yes,3
This,20
After,6
In,9
vineyards,1
but,33
Majesty,1
poetic,2
lets,1
whether,3
breaking,1
bundles,1
subjects,2
sure,11
dropped,4
explained,2
land,1
misfortunes,1
solve,2
She,10
311000000,1
snakes,2
touch,1
dune,1
laughter,5
kings,4
1943,1
lonely,2
best,4
weapons,1
fainting,1
Something,1
foxes,2
darkness,2
desert,15
becomes,1
Forget,2
essential,3
spend,1
giving,1
fancy,1
weeds,1
proper,1
hundreds,2
confided,1
forehead,2
impossible,1
guides,1
master,1
eleven,1
piled,1
career,2
enchantment,1
what,47
matters,11
planet,69
different,6
would,63
although,1
remember,5
asunder,1
morningGood,2
pleasure,3
sunlight,1
another,12
suddenly,3
sea,3
spectacle,1
certainly,6
adventures,1
loves,2
surely,1
chose,2
setting,2
owned,2
hundredandone,1
Accepted,1
strictly,1
glance,3
obliged,2
hair,3
rag,1
noise,3
sums,1
pencils,1
style,1
j,4
image,1
turning,1
risks,1
grave,1
return,3
closed,2
THE,1
fiftyfour,1
sevenhundredthirtyone,2
locks,1
if,51
good,24
conceited,11
sigh,2
glittering,1
memories,2
isolated,1
world,12
lucky,1
aloneall,1
baobab,4
fifth,2
rushing,1
perfumed,1
doll,1
Matters,1
Prince,2
You,62
happen,1
daybreak,2
grownup,3
running,1
follows,1
Good,23
own,14
During,1
names,1
inhabited,8
must,19
unscrew,1
problem,2
My,16
glad,4
saying,4
big,5
sank,1
fell,3
carefully,5
digestion,1
neither,2
Having,1
felt,10
wore,1
heavens,2
coloured,1
up,26
Thirty,2
shells,1
inquiry,3
unnecessary,1
going,5
Make,1
human,3
ballet,1
excuse,4
grainfields,1
Yet,1
pulled,1
Number,5
seek,1
Twelve,1
doubts,1
so,64
Why,11
our,4
deeply,4
clear,2
acclaim,1
tame,9
lamps,2
chimney,1
revolution,1
broke,2
Anything,1
eat,8
friendship,1
climbed,1
tedious,1
stone,2
play,3
tames,1
keep,2
appear,2
hastily,1
minute,5
repairing,1
humanity,1
Whomever,1
Grownups,2
do,65
short,2
frightened,3
resounded,1
friend,15
all,94
interrupted,3
fumble,1
329,1
him,78
loosened,1
head,8
rest,5
plucked,1
book,5
stirred,2
had,79
torn,2
treasure,3
throne,1
ustice,1
soothes,1
hand,5
ruin,1
understands,1
drawer,1
Seen,1
studies,1
luck,1
awakened,1
distinguish,1
Let,3
Before,1
responsible,6
creatures,2
misunderstandings,1
thanks,1
Embarrassed,1
pretty,2
moves,1
played,1
gazed,3
holes,1
correct,1
drinking,6
passengers,1
miles,7
philosophy,1
waved,1
Geographies,1
painter,1
weariness,1
entry,1
True,1
repose,1
invisible,5
charming,4
present,5
Certainly,3
grammar,2
trembled,1
Snakes,1
figures,5
finished,1
muffler,1
rocked,1
run,3
look,26
passerby,1
Russia,1
Men,6
youre,1
Mass,1
sprig,2
landed,1
regretting,1
moistened,1
trick,1
music,3
International,1
weak,3
ready,3
nor,2
afraid,7
wished,2
tigers,4
recitals,1
restrain,2
assembly,1
page,1
necessary,2
distinguished,1
held,1
abashed,2
every,11
enter,1
patience,1
stretched,1
flower,54
push,1
Be,1
brick,1
flashed,2
advances,1
bestdressed,1
dead,1
Twentysix,1
laugh,6
swell,1
thicker,1
set,11
outside,5
angry,1
wonderful,2
pardon,1
colleague,1
full,2
came,20
idea,7
linger,1
wander,1
before,11
somewhere,5
roots,2
bored,2
fasten,1
bird,3
clean,3
anybody,2
rat,2
328,1
Sahara,3
fires,1
track,1
seconds,1
trees,1
just,29
saw,15
else,5
hearing,1
325,2
us,11
raft,1
slight,1
nourishment,1
crowded,1
left,4
understand,22
crying,2
it,163
China,2
comforted,3
sorrow,3
adjusted,1
tossed,3
Congress,1
sun,5
sorts,1
brothers,1
catastrophe,2
travels,1
sleep,10
runs,1
sheet,1
two,11
closer,1
halfconfidence,1
proud,5
astronomer,4
sky,9
faded,1
shocked,1
roads,1
granite,1
toilet,2
reproaches,1
self,1
torment,1
A,12
watch,3
convenient,1
gesture,2
sweetness,3
Earth,17
entire,2
stretch,1
a,399
And,140
Mars,1
dont,9
contrary,2
buried,2
dreaming,3
noses,1
passed,2
Water,1
courage,2
sometimes,6
establish,2
moving,2
expectantly,1
mean,11
information,1
verge,1
ankle,2
clearly,2
rushed,1
Over,5
everybody,1
described,1
accepted,1
wrote,2
receive,1
night,16
obeyed,2
seeing,1
masterpiece,1
became,1
pleased,1
railway,1
Whether,1
bridge,1
spring,3
impregnable,1
volcanoes,12
instantly,1
extinct,8
Antoine,2
prepared,1
sickly,1
height,1
sighed,1
coquettish,1
scarcely,4
bad,9
twice,1
twilight,1
walk,8
prince,179
tools,1
sees,3
tears,3
as,83
talk,5
regularly,1
Yawns,1
locomotive,1
bite,4
voice,4
goose,1
thing,14
planets,4
reasonable,4
Here,7
because,24
apart,1
salute,3
rule,3
switchmans,1
sadly,1
overcome,1
bores,1
breathe,1
rivers,3
passes,1
well,17
Nothing,3
muzzle,5
rich,3
puzzled,1
has,36
she,39
portrait,1
tonight,1
year,6
beating,1
showed,3
Millions,2
quiet,2
thundered,1
blinked,1
Everybody,1
direction,1
judge,5
We,8
wisdom,1
castles,1
vacation,1
seventytwo,1
care,3
isnt,1
forgiveness,1
continued,9
LITTLE,1
blossom,1
thriftily,1
surprise,1
lesson,1
Venus,1
coming,5
settled,1
beginning,3
lock,1
herd,3
extinguished,1
fairto,1
yours,5
changes,2
fold,1
flies,1
innocent,1
330,1
revolver,1
smile,1
risk,2
instance,3
absurd,3
majestic,1
perfect,2
forbidding,1
Flowers,3
feet,3
readymade,1
Europe,1
star,11
birds,1
Absurd,1
walking,4
certain,3
Justice,1
errors,1
told,8
shabby,1
old,18
Go,1
sputtered,1
adornment,1
travelled,1
animals,2
pencil,4
men,16
blows,1
grief,2
disappearance,2
nice,1
murmured,1
yet,7
fountain,2
man,34
string,1
Of,2
Anywhere,1
Ambassador,1
Then,39
or,32
seems,2
describe,2
above,2
comes,1
Goodbye,6
excited,1
spite,2
advantage,1
yourself,4
reassured,1
Yours,1
looking,12
railing,1
These,2
flushes,1
herself,7
ring,1
interested,2
knew,7
cumbersome,1
Eh,1
weathervane,1
each,6
way,12
foot,1
Conceited,1
public,2
Indies,1
arithmetic,2
confidence,1
rites,1
disheartened,1
rifle,1
7500000,1
questions,8
There,16
admire,4
skirting,1
Were,2
Desert,1
opposite,1
comfort,1
loyalty,1
rightly,2
understanding,3
strides,1
come,33
garden,3
command,1
crashed,1
shrug,1
others,8
belong,2
such,9
wings,1
fairytales,1
seated,1
they,72
unlucky,2
habitation,3
flushed,3
trying,3
problems,1
youth,1
far,10
exactly,4
sweetly,2
ordered,5
stand,2
pen,1
growing,2
radiance,3
reason,3
last,15
legend,1
reply,5
heating,1
age,2
malicious,1
desk,1
bought,1
repairs,1
fatigue,1
de,1
ordinary,3
shelter,2
achievement,1
open,1
stop,2
knees,2
until,7
Minster,1
succeeded,3
Volcanic,1
sands,2
cannot,7
animal,2
No,11
ephemeral,5
chamber,1
saluted,1
importance,4
I,545
Tonight,2
bewildered,1
continents,1
lost,6
kingdom,1
avoid,1
whatever,1
work,7
confessed,1
snake,14
affair,1
girls,1
changed,4
hammer,3
forsaken,1
poison,2
out,45
that,288
square,1
Abruptly,1
whenever,2
irreparable,1
mysterious,2
amount,1
army,2
forbid,1
inquired,2
hour,5
drink,6
plunged,1
dying,4
upon,9
cabin,1
1440,1
bread,1
abloom,2
object,3
middle,2
become,5
fallen,1
met,5
respected,1
Where,7
universal,1
astonished,2
buy,3
overpowering,1
udge,2
sunshine,2
Siberia,1
opened,3
crossly,1
hear,9
wit,1
to,455
completely,3
pity,2
purpose,1
impenetrable,1
green,1
cried,3
science,1
alive,2
fall,1
shot,1
took,14
exact,1
salutes,1
Tomorrow,1
obstructed,1
least,1
wind,6
amuse,1
youWho,2
speaking,3
extraordinary,4
flown,1
key,1
exciting,1
drop,2
tremendous,1
now,24
Nevertheless,2
elegance,1
Beside,1
Little,6
toward,7
moaned,1
begins,1
Yes,22
fifteen,1
recognise,2
forgetting,1
Twentytwo,1
you,245
asteroid,4
understood,2
depths,1
worrying,2
passing,1
roof,1
eternal,1
scholars,1
exchange,1
know,37
closely,2
arms,6
double,1
pills,2
stately,1
bank,1
child,3
someones,1
watches,1
Surely,1
Drawing,5
village,3
did,35
falls,1
panted,1
beauty,3
goodbye,1
pictures,2
appeared,2
advise,3
most,10
these,12
dug,1
Try,2
help,4
week,5
hat,8
administer,1
presented,1
small,17
constrictor,8
around,9
fact,2
accurate,1
water,18
aside,1
minutes,6
disobedience,1
spreads,1
caught,2
youve,1
consequence,16
queer,4
swallow,2
home,5
tracks,1
single,9
fragile,3
lovely,1
considerable,1
face,3
obedience,1
clearsighted,1
greatly,1
horror,2
here,18
chewing,1
Just,4
peacefully,1
talking,4
fat,1
landscape,1
reasoning,1
larger,2
butterfly,1
boxes,1
making,6
ashamed,2
insisted,2
was,194
Approach,1
awaken,1
concentrated,1
long,16
eaten,3
Tie,1
six,10
travel,3
hold,1
crazy,1
drama,1
at,96
reflections,1
forests,1
dreadfully,1
visiting,1
bolt,4
suffered,1
believe,9
there,40
found,9
change,4
replied,19
hours,2
geographers,1
Ask,1
something,9
draw,8
stuck,1
happened,1
gives,1
Jupiter,1
response,1
smelled,1
nothing,29
addition,2
tamed,8
second,6
objected,1
taken,2
die,4
ocean,2
doing,4
wheat,3
cold,3
excitement,1
meditation,1
nowhere,1
recollections,1
through,9
discovered,1
seriously,2
been,32
petals,4
devote,1
The,104
fellow,1
discovers,1
often,3
added,17
law,1
consumingly,1
SaintExupery,2
leaped,1
raise,4
Australia,1
shops,1
go,22
catching,1
mix,1
rosebush,1
destroy,2
acquainted,1
tenderness,2
softly,1
difficult,7
engineer,1
Leave,1
listen,3
veritable,1
flattening,1
sprinkling,1
can,31
rosy,1
being,5
asked,27
black,1
confuse,1
space,1
entertainment,1
disappeared,2
disaster,1
doesnt,4
20000,1
over,26
leather,1
Ah,17
hesitated,2
cast,3
also,17
awake,1
May,1
sobbing,1
mechanic,1
Think,1
need,13
presence,3
slightly,2
endure,1
richest,1
on,90
general,7
guns,1
common,2
Frighten,1
oldfashioned,1
tasks,1
hears,1
saved,1
globe,7
cleaned,3
began,5
same,13
shown,1
poor,2
discover,2
near,2
yawned,3
wall,7
happy,9
Sometimes,1
pour,1
wants,1
government,1
almanac,1
complete,5
how,21
whom,3
my,148
lies,1
interest,1
Is,4
successful,2
receives,1
exhausted,1
ground,1
seas,2
appears,2
ink,1
Thursday,2
worth,3
reminded,1
turned,3
after,6
billion,1
instant,4
deep,2
friends,7
geography,3
travellers,3
everything,10
bells,4
forever,3
cost,2
Which,1
everywhere,1
heavy,3
escape,1
therefore,2
Fivehundredand,1
stratagems,1
pilot,2
carrying,1
inhabitants,1
dance,2
live,14
take,11
humble,1
eyes,8
greatest,2
111,1
inspiring,1
ship,1
thirtyone,1
strolling,1
frozen,1
realise,1
permit,1
boasted,1
sense,4
powerful,2
journey,7
tired,5
takes,1
who,46
worried,2
completed,1
easy,1
hundred,9
caterpillars,3
itself,2
seven,4
strange,3
journalist,1
quickly,2
While,1
reached,1
allow,1
faces,1
seventh,1
Oh,18
hope,3
grow,5
meaning,1
explanation,3
wondering,2
note,2
third,3
opinion,1
chance,3
possessed,1
What,40
Unfortunately,2
truly,1
gleams,1
1909,1
bending,1
revealed,2
frightens,1
valuable,1
me,153
choked,1
forgot,3
handsomest,1
If,26
satisfied,4
lamplighters,5
supply,1
order,12
them,63
house,10
warfare,1
fill,1
simple,5
respectfully,1
peal,2
things,8
breeze,1
alas,1
raised,5
peace,2
grumbled,1
laughs,1
besides,2
occupy,1
telescope,2
mistakes,2
rocks,1
by,49
monotonous,1
father,1
hiding,1
boas,2
farther,3
curiosity,2
digesting,1
then,35
intimately,1
split,1
visit,4
tall,1
worked,1
think,13
loved,3
belongs,3
doubt,3
he,224
twentytwo,2
earnestly,1
900000,1
either,2
indeed,3
udging,1
obviously,1
even,15
flow,1
sprouts,1
believed,1
fivehundred,2
love,12
curls,1
silence,9
promptly,1
fields,2
screen,3
oclock,3
however,4
pill,1
colour,6
comment,1
businessman,11
sixth,1
ago,6
thats,1
wonder,1
naturally,1
guessed,1
character,2
should,22
anniversary,2
seeds,5
andonemillion,1
new,4
grown,1
story,4
cool,1
actually,2
will,81
sunrise,3
hasnt,1
admiration,1
written,1
Now,7
paints,1
ones,2
few,1
called,2
wakened,1
paper,3
yellow,2
sound,5
curious,1
lasted,2
discouraged,2
back,22
neglected,3
poppies,1
much,34
hurrying,1
lived,5
little,255
imagine,3
again,35
while,1
Am,1
exists,1
trudged,1
says,2
interests,1
praise,1
their,19
anyway,1
mantle,1
corner,1
remained,2
wasted,2
preceding,1
So,25
wont,1
perform,1
drawings,2
He,73
convinced,1
moment,10
not,157
drunk,1
forced,1
somebody,1
horns,2
crossexamine,1
waited,1
times,6
with,93
from,73
diamond,1
dangling,1
tipplers,1
echo,3
fortyfour,3
watered,2
grows,2
Instead,1
tiresome,1
taking,3
alone,9
quench,1
still,13
departure,4
thoroughly,1
walls,1
ups,1
clap,1
wealth,1
deserts,3
means,6
hoisted,1
fun,1
gave,6
books,4
appearance,1
Exactly,3
swallowing,1
selling,1
To,15
shrub,1
rough,1
caravan,1
fundamentally,1
chair,3
ridges,1
326,1
necessity,1
abodes,1
proof,2
money,1
needles,1
drafts,3
person,4
intoxicated,1
untruth,1
next,3
heaven,2
gets,1
generally,1
content,2
silly,1
favour,1
Clap,1
easily,4
nevertheless,2
give,5
eighth,1
hint,1
profession,3
prey,1
remorse,1
dressed,1
voluminous,1
pieces,1
Only,4
thoughts,2
Somewhere,1
amusing,1
eating,1
gifts,1
stopped,2
express,4
first,21
grownups,17
region,2
life,21
imagination,1
occurred,1
pass,1
shoulders,2
sketch,1
forget,5
evident,1
resemble,1
true,13
orders,12
turn,5
bucket,3
grain,1
properly,1
disappointed,1
Boa,1
pain,1
constrictors,5
afternoon,1
actions,1
knowledge,2
geraniums,1
liked,2
twentyeight,1
both,3
lamp,15
touched,1
furnished,1
judged,1
spot,2
details,2
could,27
Every,1
boy,3
bring,5
Not,3
discipline,1
copy,1
use,12
rarely,2
Do,8
picture,4
smiling,1
flame,2
make,29
politely,2
put,18
simplified,1
answer,10
rumpled,1
drew,4
charge,1
words,5
done,3
radish,1
airplane,4
Wheat,1
That,34
bent,1
digging,1
burrow,1
report,1
grease,1
knock,1
scorned,1
lugubrious,1
mushroom,2
rather,2
ten,1
seriousness,1
brilliantly,3
extra,1
Straight,2
end,5
thousand,12
position,1
indifference,1
its,10
shall,35
aroused,1
offer,1
Christmas,1
absolute,2
moralist,1
thus,1
suggestion,1
tried,2
absentminded,1
His,4
anyone,5
earliest,1
whole,5
It,102
remembered,4
repeated,5
seem,3
improved,1
putting,2
echoed,1
under,8
which,37
treat,2
rests,1
bushes,5
tree,3
requires,2
immensity,1
pull,1
Another,1
tended,1
round,2
naively,1
surprised,4
inseparable,1
ofof,1
Ashamed,2
upset,1
apple,1
elephants,2
cigarette,1
say,24
an,45
place,14
claws,3
childrens,1
happening,2
faithful,2
Even,2
Two,4
useful,3
brought,5
air,5
steps,3
sunset,11
five,10
Those,3
lightly,1
notes,1
recall,1
motionless,1
Zealand,1
sorry,2
Kings,1
plans,1
blundering,1
uncertainly,1
tomorrow,1
Thirst,1
box,4
footstool,1
whence,1
decorated,1
spray,1
detail,1
be,107
waste,2
suppose,1
loveliest,1
attack,1
street,4
princes,7
meet,1
gravely,1
grew,1
universe,2
merely,3
ahead,2
homesick,1
defend,1
pocked,1
condemn,2
large,4
protect,1
Dont,2
into,18
longer,4
sheeps,1
looked,17
foolish,1
quick,1
goes,3
peaks,1
pointed,2
flash,1
France,3
bud,1
where,25
windowpanes,1
idle,2
Bees,1
weed,1
Whenever,1
account,2
get,10
contemplation,1
United,1
train,1
rejected,1
her,27
Fivehundredandone,2
fragrance,2
vexed,1
Order,1
De,1
clapped,1
bigger,1
themselves,4
volcano,3
matter,10
millions,6
worlds,1
tone,1
harm,2
Orders,1
existence,1
collect,1
greet,2
starting,1
always,17
time,46
acquaintance,1
finds,1
straight,1
attend,2
tolerated,1
But,117
wanted,4
sunsets,4
assistance,1
sensible,1
hunt,3
better,4
fault,6
edge,1
million,7
waters,1
were,35
enough,8
mopped,1
listened,3
anything,20
kept,1
harsh,1
stood,2
part,1
rheumatism,1
By,1
America,2
Pacific,1
repeat,1
road,1
metaphor,1
kind,3
bulky,1
waiting,1
ask,6
power,1
spoke,4
several,2
special,1
guess,1
weeping,1
more,41
European,1
unhappy,2
sleeping,1
descent,1
case,1
room,4
Yawn,1
objects,4
waits,1
rapidly,1
anywhere,2
New,1
crossed,1
sort,3
When,21
soil,1
heart,12
affection,1
attempt,1
primeval,2
mountain,5
mountains,5
hanging,1
emerge,1
cough,2
vanity,1
form,1
As,9
mouth,1
wishes,2
dry,1
grieve,1
upward,1
embarrassed,2
busy,4
island,1
sad,9
bracelet,1
Hum,8
switchman,7
straying,1
treated,1
decided,1
suffer,3
chap,1
loafing,2
wide,1
gone,6
simplicity,1
colours,1
proofs,2
merchant,4
explorers,3
Stories,1
businessmen,1
airplanes,1
between,1
wherever,1
ridiculous,1
really,6
occupation,1
shut,1
start,2
electricity,1
Because,7
explaining,1
greater,1
arrived,2
thinking,3
modest,2
close,4
concerned,5
Fifteen,1
complicated,2
flowers,11
Give,1
dictator,1
Three,1
shines,1
protecting,1
sixhundredtwentytwo,1
act,2
truth,4
catch,1
asteroids,1
miraculous,1
fingers,1
relaxation,1
save,3
throw,1
2000000000,1
oneself,1
splendid,1
rush,1
Wait,2
neighbourhood,1
rite,2
earths,1
exclaim,1
about,29
honest,1
Words,1
elephant,3
middling,1
roaring,1
Turkish,3
responded,2
king,32
deeds,1
lasts,1
Africa,2
fly,3
tragic,1
painstaking,1
throbs,1
started,1
example,6
tour,1
roar,1
rosebushes,1
towns,3
portraits,1
promise,2
French,1
simply,2
glass,7
thank,1
Bit,1
pride,1
many,6
golf,1
according,1
adore,1
morning,29
except,4
sitting,1
suffering,1
admirer,1
royal,1
ermine,3
becoming,1
thorns,13
see,31
light,5
reeling,1
demand,1
mistake,1
call,3
asking,1
Children,2
against,7
goodness,1
showing,1
tell,11
word,1
made,37
7000,1
Such,1
during,1
forest,1
lighted,7
no,63
thirty,1
trains,2
very,81
we,13
moved,1
sat,7
add,3
flock,1
Send,1
Your,6
squares,1
important,12
hunters,3
having,6
Pole,2
rope,4
discovery,3
Arizona,1
carelessly,1
pretend,2
let,9
top,2
leisure,2
games,2
pulley,7
Asteroid,3
great,19
seemed,12
day,32
inside,7
boys,1
encounters,1
whoever,1
speech,1
needs,2
Everything,1
rise,1
steadily,2
evening,10
apparent,1
gentlemans,1
Astronomical,1
some,32
pluck,2
fond,1
arrival,1
blown,1
existed,1
fear,2
white,3
noticing,1
together,3
does,22
shoots,1
when,35
reasons,1
known,7
companions,1
obey,3
Thus,2
sadness,2
unique,6
profound,1
fox,35
along,6
Mine,1
balderdash,1
mental,1
extremely,2
yourselves,1
disobey,1
scholar,1
months,1
study,1
handkerchief,1
singing,1
entertaining,2
sold,1
possible,7
From,3
deal,4
reign,1
roses,9
tale,3
desire,1
free,1
slowly,5
may,8
filled,1
migration,1
like,58
States,1
blind,1
write,3
might,10
rose,14
other,21
of,331
havent,3
since,9
golden,6
away,23
born,3
occasion,1
and,215
coil,1
confess,1
annoyed,1
ears,2
Admire,1
asks,1
distance,3
sudden,2
Flies,1
record,2
exercise,2
invention,1
jungle,1
speak,4
robe,1
blest,1
received,2
patent,1
one,111
without,13
admirers,1
high,2
windows,1
today,1
327,1
preparations,2
threw,1
breakfast,2
shuts,1
laughed,11
doves,1
right,9
answered,20
Perhaps,5
watched,2
headlong,1
ever,11
falling,1
red,2
drank,3
reflective,1
Come,4
upright,2
later,4
springs,1
marvel,1
engine,6
eats,3
coughed,2
alike,3
complex,1
costume,3
went,16
leave,7
perhaps,4
couldnt,3
beyond,2
days,6
yawn,3
assure,1
dear,2
metres,1
holding,1
wish,4
earth,3
PRINCE,1
carry,4
table,1
pursuing,2
piece,1
oceans,2
beside,2
amazement,1
eight,1
tires,1
living,1
cry,4
month,3
pondered,1
drawing,19
stared,2
relentlessly,1
wouldnt,1
danger,7
giddy,1
trembling,1
authority,4
follow,2
shimmer,1
patient,1
saddest,1
level,1
sailor,1
consulted,1
moonlight,3
broken,1
Fori,1
experiment,1
active,3
the,875
African,1
resolute,1
gleam,1
scarf,1
Next,1
Six,1
noon,2
memory,2
North,2
owning,1
cant,4
send,3
peevishly,1
parts,1
reviving,1
maintain,1
never,41
those,12
Remember,1
ugly,1
First,2
only,30
pale,1